{"cameraMode":{"drawMode":0,"name":"Shaded","section":"Shading Mode"},"sceneLighting":false,"audioPlay":false,"sceneViewState":{"showFog":true,"showMaterialUpdate":false,"showSkybox":true,"showFlares":true,"showImageEffects":true,"showParticleSystems":true},"in2DMode":false,"pivot":{"x":-1.0589561462402344,"y":-17.825733184814454,"z":-23.190052032470704},"rotation":{"x":-0.029338745400309564,"y":0.9142466187477112,"z":-0.39844775199890139,"w":-0.0673183798789978},"size":34.692626953125,"orthographic":false}