{"cameraMode":{"drawMode":0,"name":"Shaded","section":"Shading Mode"},"sceneLighting":true,"audioPlay":false,"sceneViewState":{"showFog":true,"showMaterialUpdate":false,"showSkybox":true,"showFlares":true,"showImageEffects":true,"showParticleSystems":true},"in2DMode":false,"pivot":{"x":5.135000228881836,"y":0.9547204971313477,"z":13.63599967956543},"rotation":{"x":0.43846753239631655,"y":-0.08952879160642624,"z":0.043952859938144687,"w":0.8931959271430969},"size":40.010372161865237,"orthographic":false}