{"cameraMode":{"drawMode":0,"name":"Shaded","section":"Shading Mode"},"sceneLighting":true,"audioPlay":false,"sceneViewState":{"showFog":false,"showMaterialUpdate":false,"showSkybox":false,"showFlares":false,"showImageEffects":false,"showParticleSystems":true},"in2DMode":false,"pivot":{"x":2.7085061073303224,"y":10.973091125488282,"z":-19.065330505371095},"rotation":{"x":-0.28288745880126955,"y":-0.006621391512453556,"z":0.0019529542187228799,"w":-0.9591282606124878},"size":10.0,"orthographic":false}