{"cameraMode":{"drawMode":0,"name":"Shaded","section":"Shading Mode"},"sceneLighting":true,"audioPlay":false,"sceneViewState":{"showFog":false,"showMaterialUpdate":false,"showSkybox":false,"showFlares":false,"showImageEffects":false,"showParticleSystems":true},"in2DMode":false,"pivot":{"x":2.0912063121795656,"y":11.330558776855469,"z":-18.858671188354493},"rotation":{"x":-0.2625797688961029,"y":0.028070669621229173,"z":-0.007642301730811596,"w":-0.9644716382026672},"size":10.0,"orthographic":false}